Promoter,full.name,num,mean.RNA,sd.RNA,mean.prot,sd.prot,TSS.best,TSS.pct_best,Sequence
"""Nopromoter""","""Ec-TTL-P001""",1,0.004716781,NA,1105.438127,1.162086684,-5,0.401472254,"""GGCGCGCC ATTAATCATCCGGAATG"""
"""apFAB124""","""Ec-TTL-P002""",2,0.008434262,1.880226373,1109.853055,1.097026509,-7,0.268349066,"""GGCGCGCC TCGACATTTATCCCTTGCGGCGAATACTTACAGCCATAGCAA"""
"""apFAB149""","""Ec-TTL-P003""",3,0.009818718,1.678405669,1159.343161,1.135679785,-7,0.164977477,"""GGCGCGCC CACGGTGTTAGACATTTATCCCTTGCGGCGAATACTTACAGCCATGTGAA"""
"""apFAB109""","""Ec-TTL-P004""",4,0.010427911,1.995326081,1132.397052,1.093380729,-29,0.277270285,"""GGCGCGCC TCGACAATTAATCATCCGGCTCGATACTTACAGCCATCGATT"""
"""BBa_J23117""","""Ec-TTL-P005""",5,0.017135665,1.869272927,1169.042285,1.123930143,-21,0.42535504,"""GGCGCGCC TTGACAGCTAGCTCAGTCCTAGGGATTGTGCTAGCCAATC"""
"""apFAB114""","""Ec-TTL-P006""",6,0.017746149,1.806033883,1173.923286,1.164820181,-7,0.318638079,"""GGCGCGCC TCGACATCAGGAAAATTTTTCTGATACTTACAGCCATGCGGA"""
"""BBa_J23103""","""Ec-TTL-P007""",7,0.018412122,1.883875674,1123.376299,1.106095369,-21,0.511356707,"""GGCGCGCC CTGATAGCTAGCTCAGTCCTAGGGATTATGCTAGCAGATG"""
"""apFAB134""","""Ec-TTL-P008""",8,0.019356904,1.899344449,1171.11778,1.136433307,-29,0.218353726,"""GGCGCGCC CACGGTGTTAGACAATTAATCATCCGGCTCGATACTTACAGCCATGATTC"""
"""apFAB139""","""Ec-TTL-P009""",9,0.029473704,2.019770073,1187.778615,1.221136339,-7,0.319761743,"""GGCGCGCC CACGGTGTTAGACATCAGGAAAATTTTTCTGATACTTACAGCCATCGACC"""
"""BBa_J23115""","""Ec-TTL-P010""",10,0.034285628,1.998734096,1701.106898,2.255176165,-5,0.786981627,"""GGCGCGCC TTTATAGCTAGCTCAGCCCTTGGTACAATGCTAGCGCCTG"""
"""apFAB259""","""Ec-TTL-P011""",11,0.055385138,1.905007211,2938.850089,2.939589216,-6,0.748187606,"""GGCGCGCC TTCACACTTAATCATCCGGCTCGTATAATGTGTGGACCGCA"""
"""BBa_J23108""","""Ec-TTL-P012""",12,0.067007124,1.827686285,2134.583962,2.332564257,-4,0.525224603,"""GGCGCGCC CTGACAGCTAGCTCAGTCCTAGGTATAATGCTAGCCACCG"""
"""BBa_J23114""","""Ec-TTL-P013""",13,0.067533457,1.630490638,1778.08083,1.844917938,-4,0.803719178,"""GGCGCGCC TTTATGGCTAGCTCAGTCCTAGGTACAATGCTAGCCATAC"""
"""BBa_J23116""","""Ec-TTL-P014""",14,0.08094448,1.536143961,2002.082612,1.916579661,-5,0.69675795,"""GGCGCGCC TTGACAGCTAGCTCAGTCCTAGGGACTATGCTAGCAGGAT"""
"""apFAB300""","""Ec-TTL-P015""",15,0.148286998,1.436294749,2260.891248,2.430607248,-6,0.723020419,"""GGCGCGCC TTGCCGCTTAATCATCCGGCTCGTATAATGTGTGGATCTTC"""
"""apFAB277""","""Ec-TTL-P016""",16,0.161268739,1.713586224,6874.619039,3.127345518,-6,0.771717644,"""GGCGCGCC TTCCCTATTAATCATCCGGCTCGTATAATGTGTGGAATTTA"""
"""BBa_J23105""","""Ec-TTL-P017""",17,0.188849856,1.724295315,3796.87338,3.275067228,-5,0.783016417,"""GGCGCGCC TTTACGGCTAGCTCAGTCCTAGGTACTATGCTAGCAAGGT"""
"""BBa_J23107""","""Ec-TTL-P018""",18,0.192877177,1.588080919,10044.77795,4.7909107,-5,0.873968401,"""GGCGCGCC TTTACGGCTAGCTCAGCCCTAGGTATTATGCTAGCATGGA"""
"""galP1""","""Ec-TTL-P019""",19,0.202698734,1.619343266,5134.201243,3.244910078,-6,0.433169254,"""GGCGCGCC TTTATTCCATGTCACACTTTTCGCATCTTTGTTATGCTATGGTTATTTCATACCATAATTCGA"""
"""apFAB311""","""Ec-TTL-P020""",20,0.204605083,2.029778626,4015.362959,3.771696206,-6,0.90445305,"""GGCGCGCC TTGACAATTAATCATCCGGCTCGTAGGTTGTGTGGACGGCT"""
"""apFAB129""","""Ec-TTL-P021""",21,0.240042935,1.711740531,4491.247237,3.724041051,-7,0.836810195,"""GGCGCGCC CACGGTGTTAGACATAAAGTCTAACCTATAGGATACTTACAGCCATGCCGT"""
"""apFAB312""","""Ec-TTL-P022""",22,0.27085396,1.79383865,7361.62952,4.086826201,-6,0.755582676,"""GGCGCGCC TTGACAATTAATCATCCGGCTCTTAGTGTTTGTGGAGCATT"""
"""apFAB98""","""Ec-TTL-P023""",23,0.291629439,1.813051849,5428.052485,3.700425638,-7,0.94664986,"""GGCGCGCC AAAAAATTTATTTGCTTTCGCATCTTTTTGTACCTAGATTTAACGTATCCCGA"""
"""apFAB130""","""Ec-TTL-P024""",24,0.294902428,1.753910793,4561.780543,3.824035724,-7,0.747649272,"""GGCGCGCC CACGGTGTTAGACATAAAGTCTAACCTATAGGTATAATGTGTGGATCCGTG"""
"""apFAB38""","""Ec-TTL-P025""",25,0.355996309,1.67716583,8390.945396,4.383393778,-7,0.94151193,"""GGCGCGCC AAAAAGAGTATTGACTATTAATCATCCGGCTCGTAGATTTAACGTATCGGTC"""
"""apFAB49""","""Ec-TTL-P026""",26,0.38914751,1.76125253,10135.42475,3.361447149,-7,0.909902944,"""GGCGCGCC AAAAAGAGTATTGACTTTTATCCCTTGCGGCGAATACTTACAGCCATGTAGA"""
"""BBa_J23106""","""Ec-TTL-P027""",27,0.45236061,1.745407632,5903.700396,3.927147622,-5,0.660049446,"""GGCGCGCC TTTACGGCTAGCTCAGTCCTAGGTATAGTGCTAGCGATAG"""
"""apFAB87""","""Ec-TTL-P028""",28,0.45454904,1.508593157,7579.203758,3.727767524,-7,0.9194518,"""GGCGCGCC AAAAAATTTATTTGCTTATTAATCATCCGGCTCGCATAATTATTTCATTGGGG"""
"""apFAB342""","""Ec-TTL-P029""",29,0.494062968,1.947161015,17403.1234,4.299871398,-6,0.82493751,"""GGCGCGCC TTGACAATTAATCATCCGGCTCATAAAATTTGTGGAGGCGA"""
"""BBa_J23118""","""Ec-TTL-P030""",30,0.521929497,1.811384468,8968.148434,5.236481838,-4,0.847151801,"""GGCGCGCC TTGACGGCTAGCTCAGTCCTAGGTATTGTGCTAGCCGTCG"""
"""apFAB73""","""Ec-TTL-P031""",31,0.58433217,1.790361606,12877.73032,5.440380809,-7,0.949934936,"""GGCGCGCC TTGACATCGCATCTTTTTGTACCTAGATTTAACGTATTCGGC"""
"""apFAB302""","""Ec-TTL-P032""",32,0.602656658,1.88153752,16271.44641,4.660702694,-6,0.824165497,"""GGCGCGCC TTCCCTTTTAATCATCCGGCTCGTATAATGTGTGGAGACTT"""
"""apFAB58""","""Ec-TTL-P033""",33,0.613194409,1.819613416,15888.43097,3.886706874,-7,0.9535813,"""GGCGCGCC TTGACATAAAGTCTAACCTATAGGTAGATTTAACGTATTCTGA"""
"""lacUV5""","""Ec-TTL-P034""",34,0.646249654,1.624936669,11696.00796,5.173371883,-14,0.643505702,"""GGCGCGCC CCCCAGGCTTTACACTTTATGCTTCCGGCTCGTATAATGTGTGGAATTGTGAGTTGGT"""
"""apFAB338""","""Ec-TTL-P035""",35,0.650154334,1.684986012,11303.62756,4.849437604,-6,0.894668649,"""GGCGCGCC TTGACAATTAATCATCCGGCTCCTAGGATGTGTGGAGGGAC"""
"""apFAB306""","""Ec-TTL-P036""",36,0.663372454,1.64781385,14271.17331,4.520594587,-6,0.632845429,"""GGCGCGCC TTGACAATTAATCATCCGGCTCGTAGTGTTTGTGGATGTTG"""
"""apFAB89""","""Ec-TTL-P037""",37,0.668130232,1.727365483,23214.75169,3.237697086,-7,0.835653995,"""GGCGCGCC AAAAAATTTATTTGCTTTCAGGAAAATTTTTCTGATACTTACAGCCATATTAT"""
"""apFAB104""","""Ec-TTL-P038""",38,0.675695661,1.852378693,6652.712582,3.983301966,-7,0.903553644,"""GGCGCGCC TCGACATAAAGTCTAACCTATAGGATACTTACAGCCATAGCTT"""
"""apFAB69""","""Ec-TTL-P039""",39,0.89125772,1.58574964,27110.98062,3.383225253,-7,0.915538224,"""GGCGCGCC TTGACATCGCATCTTTTTGTACCATACTTACAGCCATTGTAC"""
"""apFAB150""","""Ec-TTL-P040""",40,0.97756993,NA,25919.89161,NA,-7,0.828698354,"""GGCGCGCC CACGGTGTTAGACATTTATCCCTTGCGGCGATATAATGTGTGGATCCATA"""
"""apFAB322""","""Ec-TTL-P041""",41,1.094639275,1.588164798,17584.49555,4.083074221,-6,0.924158037,"""GGCGCGCC TTGCGTATTAATCATCCGGCTCGTATAATGTGTGGATGATC"""
"""apFAB64""","""Ec-TTL-P042""",42,1.120026428,1.878686077,31704.8342,4.041678156,-7,0.895630983,"""GGCGCGCC TTGACATCAGGAAAATTTTTCTGATACTTACAGCCATACCTA"""
"""apFAB63""","""Ec-TTL-P043""",43,1.137169135,2.139956327,22052.57172,5.558868357,-7,0.945954879,"""GGCGCGCC TTGACAATTAATCATCCGGCTCGTAGATTTAACGTATAAAGC"""
"""J23101""","""Ec-TTL-P044""",44,1.191687482,1.696443525,27654.44087,4.618276564,-4,0.813339256,"""GGCGCGCC TTTACAGCTAGCTCAGTCCTAGGTATTATGCTAGCCAGTT"""
"""apFAB317""","""Ec-TTL-P045""",45,1.274166746,1.613322278,16543.5534,5.439169845,-6,0.906079954,"""GGCGCGCC TTGATATTTAATCATCCGGCTCGTATAATGTGTGGAGCACC"""
"""apFAB346""","""Ec-TTL-P046""",46,1.295651475,1.750956705,16771.52531,4.857436589,-6,0.822307581,"""GGCGCGCC TTGACAATTAATCATCCGGCTCGTAATGTTTGTGGATAGCT"""
"""BBa_J23102""","""Ec-TTL-P047""",47,1.299009121,1.740183669,17681.97559,5.462510665,-5,0.865680535,"""GGCGCGCC TTGACAGCTAGCTCAGTCCTAGGTACTGTGCTAGCAACCT"""
"""apFAB82""","""Ec-TTL-P048""",48,1.299548402,1.385050362,7303.031479,4.907522158,-7,0.945661952,"""GGCGCGCC AAAAAATTTATTTGCTTTAAAGTCTAACCTATAGGCATAATTATTTCATGGTCC"""
"""apFAB125""","""Ec-TTL-P049""",49,1.312220572,1.782189608,24477.45172,4.59407167,-7,0.920677922,"""GGCGCGCC TCGACATTTATCCCTTGCGGCGATATAATGTGTGGATAATCC"""
"""apFAB115""","""Ec-TTL-P050""",50,1.34852198,1.898586253,28059.5069,4.110148674,-7,0.693317811,"""GGCGCGCC TCGACATCAGGAAAATTTTTCTGTATAATGTGTGGATCTACA"""
"""apFAB321""","""Ec-TTL-P051""",51,1.356864256,1.843289063,22964.35525,5.634766754,-6,0.830115241,"""GGCGCGCC TTGACAATTAATCATCCGGCTCGTAACTTATGTGGACTCGG"""
"""apFAB339""","""Ec-TTL-P052""",52,1.38494601,1.629269358,26113.55795,4.208126173,-6,0.685088546,"""GGCGCGCC TTGACAATTAATCATCCGGCTCGTAATTTATGTGGATAGGA"""
"""apFAB33""","""Ec-TTL-P053""",53,1.399870377,1.873881533,37270.42009,3.781071957,-7,0.961320497,"""GGCGCGCC AAAAAGAGTATTGACTTAAAGTCTAACCTATAGGTAGATTTAACGTATCTGAT"""
"""BBa_J23104""","""Ec-TTL-P054""",54,1.458865851,1.613975377,29020.74236,4.59111306,-5,0.783968511,"""GGCGCGCC TTGACAGCTAGCTCAGTCCTAGGTATTGTGCTAGCTTACG"""
"""apFAB77""","""Ec-TTL-P055""",55,1.555463198,1.878017151,62921.68839,3.308548659,-7,0.677423811,"""GGCGCGCC TTGACATTTATCCCTTGCGGCGACATAATTATTTCATTTTGG"""
"""BBa_J23100""","""Ec-TTL-P056""",56,1.57111057,1.641206948,47197.91789,3.740809256,-5,0.671025198,"""GGCGCGCC TTGACGGCTAGCTCAGTCCTAGGTACAGTGCTAGCTTAAT"""
"""apFAB55""","""Ec-TTL-P057""",57,1.600772103,1.822049961,17976.61279,5.699942885,-7,0.831934874,"""GGCGCGCC TTGACATAAAGTCTAACCTATAGGTATAATGTGTGGATCTGGC"""
"""apFAB48""","""Ec-TTL-P058""",58,1.66978829,2.091314609,31795.4727,4.978310813,-7,0.947020606,"""GGCGCGCC AAAAAGAGTATTGACTTCGCATCTTTTTGTACCTAGATTTAACGTATTACCA"""
"""apFAB62""","""Ec-TTL-P059""",59,1.799152889,1.788752633,64774.79838,3.269937765,-7,0.749094569,"""GGCGCGCC TTGACAATTAATCATCCGGCTCGCATAATTATTTCATTTCAG"""
"""apFAB72""","""Ec-TTL-P060""",60,2.141624063,1.497701464,20930.50051,5.006663102,-7,0.966414551,"""GGCGCGCC TTGACATCGCATCTTTTTGTACCCATAATTATTTCATGCGTC"""
"""apFAB57""","""Ec-TTL-P061""",61,2.244740242,1.529417405,23463.74903,4.610021038,-7,0.956877913,"""GGCGCGCC TTGACATAAAGTCTAACCTATAGGCATAATTATTTCATCCGAC"""
"""apFAB78""","""Ec-TTL-P062""",62,2.518891207,1.635100575,24288.57558,4.738642765,-7,0.959307037,"""GGCGCGCC TTGACATTTATCCCTTGCGGCGATAGATTTAACGTATGACGG"""
"""apFAB97""","""Ec-TTL-P063""",63,2.545770932,1.543397138,43187.96402,3.584942585,-7,0.964480293,"""GGCGCGCC AAAAAATTTATTTGCTTTCGCATCTTTTTGTACCCATAATTATTTCATCTTCT"""
"""apFAB323""","""Ec-TTL-P064""",64,2.561951311,1.831288031,43255.51813,4.21040937,-6,0.48778739,"""GGCGCGCC TTGTATTTTAATCATCCGGCTCGTATAATGTGTGGAATCCA"""
"""apFAB94""","""Ec-TTL-P065""",65,2.657567633,1.743091369,44185.03489,3.891794415,-7,0.899427901,"""GGCGCGCC AAAAAATTTATTTGCTTTCGCATCTTTTTGTACCATACTTACAGCCATTACTG"""
"""PLTETo1""","""Ec-TTL-P066""",66,2.735277464,1.800976526,45491.53997,NA,-13,0.951835445,"""GGCGCGCC TCCCTATCAGTGATAGAGATTGACATCCCTATCAGTGATAGAGATACTGAGCACATCAGCAGTAATT"""
"""apFAB39""","""Ec-TTL-P067""",67,2.897411718,1.930192789,60603.41305,NA,-7,0.858691426,"""GGCGCGCC AAAAAGAGTATTGACTTCAGGAAAATTTTTCTGATACTTACAGCCATTCCAA"""
"""apFAB347""","""Ec-TTL-P068""",68,2.92770332,1.73172297,50549.7045,3.871081629,-6,0.888531739,"""GGCGCGCC TTGACAATTAATCATCCGGCTCTTAATATGTGTGGACGAGG"""
"""apFAB103""","""Ec-TTL-P069""",69,2.991391002,NA,25114.65171,NA,-7,0.965118483,"""GGCGCGCC AAAAAATTTATTTGCTTTTTATCCCTTGCGGCGATAGATTTAACGTATCACGC"""
"""apFAB345""","""Ec-TTL-P070""",70,3.023032145,1.552772086,42793.96154,NA,-6,0.647533786,"""GGCGCGCC TTGACAATTAATCATCCGGCTCGTAGAGTATGTGGAGTATC"""
"""apFAB75""","""Ec-TTL-P071""",71,3.085534998,2.101808849,33545.08788,NA,-7,0.872194618,"""GGCGCGCC TTGACATTTATCCCTTGCGGCGATATAATGTGTGGATAAGTG"""
"""apFAB66""","""Ec-TTL-P072""",72,3.276139622,1.679993421,57920.80966,NA,-7,0.933828541,"""GGCGCGCC TTGACATCAGGAAAATTTTTCTGTATAATAGATTCATCTCAA"""
"""apFAB140""","""Ec-TTL-P073""",73,3.701779381,1.748378098,54356.6244,3.128662108,-7,0.934690449,"""GGCGCGCC CACGGTGTTAGACATCAGGAAAATTTTTCTGTATAATGTGTGGATGCTTA"""
"""apFAB65""","""Ec-TTL-P074""",74,3.718621591,1.789101595,76648.97541,NA,-7,0.873733401,"""GGCGCGCC TTGACATCAGGAAAATTTTTCTGTATAATGTGTGGATTCGTA"""
"""apFAB76""","""Ec-TTL-P075""",75,3.817136624,1.690157959,39435.4208,4.583210976,-7,0.954766609,"""GGCGCGCC TTGACATTTATCCCTTGCGGCGATATAATAGATTCATTCCGG"""
"""apFAB44""","""Ec-TTL-P076""",76,3.828942495,1.648154157,46651.48008,NA,-7,0.935785945,"""GGCGCGCC AAAAAGAGTATTGACTTCGCATCTTTTTGTACCATACTTACAGCCATGAAGT"""
"""apFAB318""","""Ec-TTL-P077""",77,4.413483117,1.586998282,62919.37321,NA,-6,0.935653364,"""GGCGCGCC TTGACTATTAATCATCCGGCTCGTATAATGTGTGGATACAC"""
"""pLlacO1""","""Ec-TTL-P078""",78,4.687579147,1.63339914,34956.6934,NA,-11,0.946260655,"""GGCGCGCC ATAAATGTGAGCGGATAACAATTGACATTGTGAGCGGATAACAAGATACTGAGCACATCAGCATTGC"""
"""apFAB53""","""Ec-TTL-P079""",79,4.934559471,NA,40802.08007,NA,-7,0.974324971,"""GGCGCGCC AAAAAGAGTATTGACTTTTATCCCTTGCGGCGATAGATTTAACGTATCGGGA"""
"""apFAB85""","""Ec-TTL-P080""",80,4.957380555,NA,32685.36366,NA,-7,0.943958703,"""GGCGCGCC AAAAAATTTATTTGCTTATTAATCATCCGGCTCGTATAATGTGTGGATACCGC"""
"""apFAB50""","""Ec-TTL-P081""",81,5.196386612,NA,63102.90634,NA,-7,0.935267492,"""GGCGCGCC AAAAAGAGTATTGACTTTTATCCCTTGCGGCGATATAATGTGTGGATTAACC"""
"""BBa_J23119""","""Ec-TTL-P082""",82,5.389803313,NA,77491.95154,NA,-5,0.978286228,"""GGCGCGCC TTGACAGCTAGCTCAGTCCTAGGTATAATGCTAGCACGAA"""
"""apFAB30""","""Ec-TTL-P083""",83,5.517618495,1.557023385,36671.90771,4.298499091,-7,0.73234291,"""GGCGCGCC AAAAAGAGTATTGACTTAAAGTCTAACCTATAGGTATAATGTGTGGATCATTG"""
"""apFAB56""","""Ec-TTL-P084""",84,5.409737026,1.797933826,57086.00476,NA,-7,0.93603259,"""GGCGCGCC TTGACATAAAGTCTAACCTATAGGTATAATAGATTCATAGTGA"""
"""apFAB40""","""Ec-TTL-P085""",85,5.557804849,NA,91196.30233,NA,-7,0.816697552,"""GGCGCGCC AAAAAGAGTATTGACTTCAGGAAAATTTTTCTGTATAATGTGTGGATGTTCA"""
"""pTrc*""","""Ec-TTL-P086""",86,5.859227772,NA,64603.125,NA,-14,0.567673768,"""GGCGCGCC TTGACAATTAATCATCCGGCTCGTATAATGTGTGGAATTGTGAGATGAG"""
"""apFAB32""","""Ec-TTL-P087""",87,5.9153925,NA,51286.42338,NA,-7,0.956620894,"""GGCGCGCC AAAAAGAGTATTGACTTAAAGTCTAACCTATAGGCATAATTATTTCATCACTA"""
"""apFAB29""","""Ec-TTL-P088""",88,6.409465855,NA,28466.6061,NA,-7,0.912428256,"""GGCGCGCC AAAAAGAGTATTGACTTAAAGTCTAACCTATAGGATACTTACAGCCATCCAGC"""
"""apFAB80""","""Ec-TTL-P089""",89,6.475923975,NA,74160.10963,NA,-7,0.905263267,"""GGCGCGCC AAAAAATTTATTTGCTTTAAAGTCTAACCTATAGGTATAATGTGTGGATACAGA"""
"""apFAB341""","""Ec-TTL-P090""",90,6.830977465,1.613236835,66488.02045,NA,-6,0.951196785,"""GGCGCGCC TTGACAATTAATCATCCGGCTCGTAATATGTGTGGATGGTT"""
"""apFAB61""","""Ec-TTL-P091""",91,7.033814502,NA,88976.31542,NA,-7,0.943880608,"""GGCGCGCC TTGACAATTAATCATCCGGCTCGTATAATAGATTCATTAGAG"""
"""apFAB45""","""Ec-TTL-P092""",92,7.45573389,NA,51792.21403,NA,-7,0.840922356,"""GGCGCGCC AAAAAGAGTATTGACTTCGCATCTTTTTGTACCTATAATGTGTGGATAGCGG"""
"""apFAB100""","""Ec-TTL-P093""",93,7.715440988,NA,64240.20002,NA,-7,0.879732248,"""GGCGCGCC AAAAAATTTATTTGCTTTTTATCCCTTGCGGCGATATAATGTGTGGATAGAAC"""
"""apFAB79""","""Ec-TTL-P094""",94,7.96658589,NA,72716.55965,NA,-7,0.899445733,"""GGCGCGCC AAAAAATTTATTTGCTTTAAAGTCTAACCTATAGGATACTTACAGCCATAGTCT"""
"""apFAB70""","""Ec-TTL-P095""",95,8.107500064,NA,90131.31963,NA,-7,0.860595795,"""GGCGCGCC TTGACATCGCATCTTTTTGTACCTATAATGTGTGGATAGAGT"""
"""apFAB67""","""Ec-TTL-P096""",96,8.238822362,NA,69815.55794,NA,-7,0.919753276,"""GGCGCGCC TTGACATCAGGAAAATTTTTCTGCATAATTATTTCATATCAC"""
"""apFAB71""","""Ec-TTL-P097""",97,8.628994448,NA,91905.833,NA,-7,0.927334685,"""GGCGCGCC TTGACATCGCATCTTTTTGTACCTATAATAGATTCATGATGA"""
"""apFAB81""","""Ec-TTL-P098""",98,8.860523571,NA,37151.17235,NA,-7,0.960490538,"""GGCGCGCC AAAAAATTTATTTGCTTTAAAGTCTAACCTATAGGTATAATAGATTCATCTCTT"""
"""apFAB52""","""Ec-TTL-P099""",99,9.253790977,NA,76473.18885,NA,-7,0.947853825,"""GGCGCGCC AAAAAGAGTATTGACTTTTATCCCTTGCGGCGACATAATTATTTCATAGTTC"""
"""apFAB92""","""Ec-TTL-P100""",100,9.504401315,NA,46862.73528,NA,-7,0.961071177,"""GGCGCGCC AAAAAATTTATTTGCTTTCAGGAAAATTTTTCTGCATAATTATTTCATGGAGC"""
"""apFAB54""","""Ec-TTL-P101""",101,9.814173186,NA,100843.9635,NA,-7,0.92229961,"""GGCGCGCC TTGACATAAAGTCTAACCTATAGGATACTTACAGCCATACAAG"""
"""apFAB93""","""Ec-TTL-P102""",102,9.857373278,NA,68997.72315,NA,-7,0.970802542,"""GGCGCGCC AAAAAATTTATTTGCTTTCAGGAAAATTTTTCTGTAGATTTAACGTATGCCCA"""
"""apFAB31""","""Ec-TTL-P103""",103,10.17725532,NA,49921.88095,NA,-7,0.958900939,"""GGCGCGCC AAAAAGAGTATTGACTTAAAGTCTAACCTATAGGTATAATAGATTCATAGGGC"""
"""apFAB36""","""Ec-TTL-P104""",104,10.47485201,NA,91835.45836,NA,-7,0.944732563,"""GGCGCGCC AAAAAGAGTATTGACTATTAATCATCCGGCTCGTATAATAGATTCATTGAAG"""
"""apFAB68""","""Ec-TTL-P105""",105,10.4040973,NA,101809.5395,NA,-7,0.904777053,"""GGCGCGCC TTGACATCAGGAAAATTTTTCTGTAGATTTAACGTATAGGTA"""
"""apFAB95""","""Ec-TTL-P106""",106,11.27736686,NA,114330.4582,NA,-7,0.769433862,"""GGCGCGCC AAAAAATTTATTTGCTTTCGCATCTTTTTGTACCTATAATGTGTGGATAATAA"""
"""apFAB47""","""Ec-TTL-P107""",107,13.83262783,NA,107099.364,NA,-7,0.95148711,"""GGCGCGCC AAAAAGAGTATTGACTTCGCATCTTTTTGTACCCATAATTATTTCATTCACA"""
"""apFAB96""","""Ec-TTL-P108""",108,13.8847142,NA,55935.94852,NA,-7,0.973139706,"""GGCGCGCC AAAAAATTTATTTGCTTTCGCATCTTTTTGTACCTATAATAGATTCATTGGCC"""
"""apFAB42""","""Ec-TTL-P109""",109,13.67612509,NA,58333.91937,NA,-7,0.953776341,"""GGCGCGCC AAAAAGAGTATTGACTTCAGGAAAATTTTTCTGCATAATTATTTCATAGGCG"""
"""pT7A1""","""Ec-TTL-P110""",110,15.02099353,NA,62469.63049,NA,-13,0.930791802,"""GGCGCGCC TCAAAAAGAGTATTGACTTAAAGTCTAACCTATAGGATACTTACAGCCATCGAGAGCTGCG"""
"""apFAB101""","""Ec-TTL-P111""",111,15.60832975,NA,108416.2781,NA,-7,0.964175291,"""GGCGCGCC AAAAAATTTATTTGCTTTTTATCCCTTGCGGCGATATAATAGATTCATCTTAG"""
"""apFAB46""","""Ec-TTL-P112""",112,20.65979584,NA,104696.2945,NA,-7,0.96206504,"""GGCGCGCC AAAAAGAGTATTGACTTCGCATCTTTTTGTACCTATAATAGATTCATTGCTA"""